entity_uid,aka_uid,type,category,first_name,last_name
2686,22740,a.k.a.,strong,Hasan Abd-al-Karim,NASRALLAH
4632,3553,a.k.a.,strong,,CENTRAL BANK OF THE ISLAMIC REPUBLIC OF IRAN
4632,12046,a.k.a.,strong,,BANK MARKAZI IRAN
4632,12103,a.k.a.,strong,,CENTRAL BANK OF IRAN
4697,3915,a.k.a.,strong,,PARTY OF GOD
4697,3916,a.k.a.,strong,,ISLAMIC JIHAD
4697,3917,a.k.a.,strong,,ISLAMIC JIHAD ORGANIZATION
4697,3918,a.k.a.,strong,,REVOLUTIONARY JUSTICE ORGANIZATION
4697,3919,a.k.a.,strong,,ORGANIZATION OF THE OPPRESSED ON EARTH
4697,3920,a.k.a.,strong,,ISLAMIC JIHAD FOR THE LIBERATION OF PALESTINE
4697,3921,a.k.a.,strong,,ORGANIZATION OF RIGHT AGAINST WRONG
4697,3922,a.k.a.,strong,,ANSAR ALLAH
4697,3923,a.k.a.,strong,,FOLLOWERS OF THE PROPHET MUHAMMED
4697,35541,a.k.a.,strong,,LEBANESE HIZBALLAH
4697,35542,a.k.a.,strong,,LEBANESE HEZBOLLAH
4697,35543,a.k.a.,weak,,LH
4697,35544,a.k.a.,weak,,FOREIGN RELATIONS DEPARTMENT
4697,35545,a.k.a.,weak,,FRD
4697,35546,a.k.a.,weak,,EXTERNAL SECURITY ORGANIZATION
4697,35547,a.k.a.,weak,,ESO
4697,35548,a.k.a.,weak,,FOREIGN ACTION UNIT
4697,35549,a.k.a.,strong,,HIZBALLAH ESO
4697,35550,a.k.a.,strong,,HIZBALLAH INTERNATIONAL
4697,35551,a.k.a.,weak,,SPECIAL OPERATIONS BRANCH
4697,35552,a.k.a.,weak,,EXTERNAL SERVICES ORGANIZATION
4697,35553,a.k.a.,strong,,EXTERNAL SECURITY ORGANIZATION OF HEZBOLLAH
4707,3963,a.k.a.,strong,,PIJ-SHAQAQI FACTION
4707,3964,a.k.a.,strong,,PIJ
4707,3965,a.k.a.,strong,,ISLAMIC JIHAD IN PALESTINE
4707,3966,a.k.a.,strong,,ISLAMIC JIHAD OF PALESTINE
4707,3967,a.k.a.,strong,,ABU GHUNAYM SQUAD OF THE HIZBALLAH BAYT AL-MAQDIS
4707,4345,a.k.a.,strong,,PIJ-SHALLAH FACTION
4707,4346,a.k.a.,strong,,PALESTINIAN ISLAMIC JIHAD
4707,4792,a.k.a.,strong,,AL-QUDS SQUADS
4707,4793,a.k.a.,strong,,SAYARA AL-QUDS
4707,4794,a.k.a.,strong,,AL-QUDS BRIGADES
4707,4795,a.k.a.,strong,,AL-AWDAH BRIGADES
10411,10256,a.k.a.,strong,,HIZBALLAH MARTYRS FOUNDATION
10411,10257,a.k.a.,strong,,LEBANESE MARTYR FOUNDATION
10411,10258,a.k.a.,strong,,AL-MUA'ASSAT AL-SHAHID
10411,10259,a.k.a.,strong,,AL-SHAHID FOUNDATION
10411,10260,a.k.a.,strong,,AL-SHAHID CHARITABLE AND SOCIAL ORGANIZATION
10411,10261,a.k.a.,strong,,AL-SHAHID ORGANIZATION
10411,10262,a.k.a.,strong,,LEBANESE MARTYR ASSOCIATION
10411,10263,a.k.a.,strong,,ISLAMIC REVOLUTION MARTYRS FOUNDATION
10411,10264,a.k.a.,strong,,MARTYRS INSTITUTE
10566,10451,a.k.a.,strong,Assad,HARDAN
10566,10452,a.k.a.,strong,As'ad,HARDAN
10568,10454,a.k.a.,strong,Wi'am,WIHAB
10568,10464,a.k.a.,strong,Wiam,WAHHAB
10568,10465,a.k.a.,strong,Wiyam,WIHAB
10568,10466,a.k.a.,strong,Wiyam,WAHAB
10569,10488,a.k.a.,strong,Hafez,MAKHLOUF
11462,12131,a.k.a.,strong,,KATA'IB HEZBOLLAH
11462,12132,a.k.a.,strong,,KHATA'IB HEZBOLLAH
11462,12133,a.k.a.,weak,,KATA'IB HIZBALLAH FI AL-IRAQ
11462,12134,a.k.a.,strong,,KHATTAB HEZBALLAH
11462,12135,a.k.a.,strong,,HIZBALLAH BRIGADES
11462,12136,a.k.a.,strong,,HIZBALLAH BRIGADES IN IRAQ
11462,12137,a.k.a.,strong,,HIZBALLAH BRIGADES-IRAQ
11462,12138,a.k.a.,weak,,HIZBALLAH BRIGADES-IRAQ OF THE ISLAMIC RESISTANCE IN IRAQ
11462,12139,a.k.a.,weak,,ISLAMIC RESISTANCE IN IRAQ
11462,12140,a.k.a.,weak,,KATIBAT ABU FATHEL AL A'ABAS
11462,12141,a.k.a.,weak,,KATIBUT KARBALAH
11462,12142,a.k.a.,weak,,KATIBAT ZAYD EBIN ALI
11462,12143,a.k.a.,strong,,KHATA'IB HIZBALLAH
13423,22416,a.k.a.,strong,Mustafa Youssef,BADREDDINE
13423,22417,a.k.a.,strong,Mustafa Amine,BADREDDINE
13423,22418,a.k.a.,strong,Elias Fouad,SAAB
13423,22419,a.k.a.,strong,Ilyas,SA'B
13423,22420,a.k.a.,strong,Sami,ISSA
13423,22748,a.k.a.,strong,Dhu,AL FIQAR
15640,23266,a.k.a.,strong,Mishal Fuad,SAMAHAH
15640,23267,a.k.a.,strong,Saadah Al-Naib Mishal Fuad,SAMAHAH
16452,27402,a.k.a.,strong,Mustafa,FAWWAZ
16452,27403,a.k.a.,strong,Moustafa Reda,DARWISH-FAWAZ
16452,27404,a.k.a.,strong,Mustapha,FAWAZ
16452,27405,a.k.a.,strong,Mustapha Rida Darwich,FAWAZ
16452,27406,a.k.a.,strong,Mostafa Reda Darwich,FAWAZ
16452,27408,a.k.a.,strong,Moustapha,FAWAZ
16452,27409,a.k.a.,strong,Mustafa,FAWAZ
16452,27410,a.k.a.,strong,Mustafa Darwish,FAWAZ
16452,27462,a.k.a.,strong,Mustapha Rhoda Darwich,FAWAZ
17160,27936,a.k.a.,strong,Abdul Nur Ali,SHA'LAN
17160,27937,a.k.a.,strong,Abd Al Nur Ali,SHALAN
17160,27938,a.k.a.,strong,Abdul-Nur Ali,SHALAN
17160,27939,a.k.a.,strong,Abdul Nur Ali,CHAALAN
17160,27940,a.k.a.,strong,Abdul Nur Ali,SHAALAN
17771,27412,a.k.a.,strong,Fouzi Reda,DARWISH-FAWAZ
17771,27413,a.k.a.,strong,Fawzi Reda,FAWAZ
17771,27414,a.k.a.,strong,Fawzy,FAWAZ
17771,27415,a.k.a.,strong,Fawzi,FAWWAZ
17771,27416,a.k.a.,strong,Fowzy,FAWAZ
17771,27417,a.k.a.,strong,Fawzy Reda,DARWISH-FAWAZ
17789,27464,a.k.a.,strong,Abdallah,THAHINI
17789,27465,a.k.a.,weak,,"TAHINI, Ahmad"
17789,27466,a.k.a.,strong,Abdalla As'ad,THINI
18218,28118,a.k.a.,strong,Adham Hussein,TABAJA
18218,28119,a.k.a.,strong,Adham,TABAJAH
18222,28132,a.k.a.,strong,,CAR CARE CENTER CCC
18222,28133,a.k.a.,strong,,CAR CARE CENTER COMPANY
18222,28134,a.k.a.,weak,,CCC COMPANY
18223,28136,a.k.a.,strong,Housein Ali,FAOUR
18224,28138,a.k.a.,strong,Qasim Muhammad,HUJAYJ
18224,28139,a.k.a.,strong,Qasim,HAJIJ
18348,28479,a.k.a.,strong,Ibrahim Mohamed,AKIL
18348,28480,a.k.a.,strong,Ibrahim Mohamed,AKIEL
18348,49330,a.k.a.,strong,Ibrahim,'AQIL
18348,49331,a.k.a.,strong,Abd al-Qadr,'AQIL
18348,49332,a.k.a.,strong,Ghosn Ali Abdel,MEHDI
18348,49333,a.k.a.,weak,,'ABD-AL-QADIR
18348,49334,a.k.a.,weak,,TAHSIN
18349,28482,a.k.a.,strong,Fu'ad,CHAKAR
18349,28483,a.k.a.,weak,,"CHAKAR, Al-Hajj Mohsin"
18349,49329,a.k.a.,strong,Fouad Ali,CHAKAR
18930,29830,a.k.a.,strong,Adel Mohammad,CHERRI
18930,29831,a.k.a.,strong,'Adil,SHIRRI
19274,30354,a.k.a.,strong,'Ali Yusuf,SHARARA
19274,30365,a.k.a.,strong,Ali Youssef,SHARARA
19388,30465,a.k.a.,strong,Muhammad Mustafa,NUR-AL-DIN
19389,30467,a.k.a.,strong,Hamdi,ZAHREDDINE
20560,32477,a.k.a.,strong,,"GLOBAL CLEANERS, INC."
20561,32479,a.k.a.,strong,Hassan,JAMALEDDINE
20562,32481,a.k.a.,strong,Mohamad El Mokhtar,KALLAS
20562,32482,a.k.a.,strong,Mohamed,KALLAS
20720,32738,a.k.a.,strong,Mohammed Galeb,HAMDAR
20720,32739,a.k.a.,strong,Mouhamad Ghaleb,HAMDAR
20720,32740,a.k.a.,strong,Muamad Ghaleb,HAMDAR
20720,32741,a.k.a.,strong,Mohammed,AMADAR
20720,32742,a.k.a.,strong,Muamad,AMADAR
20721,32744,a.k.a.,strong,Youssef,AYAD
20721,32745,a.k.a.,strong,Yosef de Castro,AYAD
23685,37509,a.k.a.,weak,,Qari Hizbullah
23685,37510,a.k.a.,strong,Hizbullah Qari,MOAZZAM
23685,37511,a.k.a.,weak,,Hizb Ullah
23685,37512,a.k.a.,weak,,Hizb Allah
23685,37513,a.k.a.,weak,,Hazab Allah
23685,37514,a.k.a.,weak,,Hazab Ullah
23685,37515,a.k.a.,weak,,Hazeb Ullah
23685,37518,a.k.a.,weak,,Hazib Ullah
23685,37519,a.k.a.,weak,,Hizbullah
23685,37520,a.k.a.,weak,,Hizbulah
23685,37521,a.k.a.,weak,,Hiz Bullah
24389,38488,a.k.a.,strong,Muhammad Ibrahim,BAZZI
24389,38489,a.k.a.,strong,Mohamed,BAZZI
24389,38490,a.k.a.,strong,Muhammed,BAZZI
24391,38496,a.k.a.,strong,Abdullah,SAFIEDDINE
24514,38658,a.k.a.,strong,Naim,QASSEM
24514,38661,a.k.a.,strong,Naim,KASSEM
24519,38663,a.k.a.,strong,Ibrahim Amin,SAYYED
24519,38682,a.k.a.,weak,,"AL-AMIN, Ibrahim"
24520,38668,a.k.a.,strong,Muhammad,YAZBIK
24520,38669,a.k.a.,strong,Hosein,ASSAF
24520,38670,a.k.a.,strong,Mohammad,YAZBEK
24520,38671,a.k.a.,strong,Mohammad,YAZBECK
24528,38689,a.k.a.,strong,Husain,KHALIL
24528,38691,a.k.a.,strong,Hossein,KHALIL
24528,38692,a.k.a.,strong,Hussein,KHALIL
24544,38729,a.k.a.,strong,Muhammad Jafar,QASIR
24544,38730,a.k.a.,strong,Mohammed Jaafar,KASSIR
24544,38731,a.k.a.,weak,,"SALAH, Shaykh"
24544,38732,a.k.a.,weak,,FADI
24544,38733,a.k.a.,weak,,MAJID
24544,38734,a.k.a.,weak,,EYNAKI
24544,38735,a.k.a.,weak,,"GHOLI, Hossein"
24588,38778,a.k.a.,strong,,ANSAR-I HEZBOLLAH
24588,38779,a.k.a.,strong,,ANSAR-I HIZBULLAH
24588,38780,a.k.a.,strong,,ANSAR HEZBOLLAH
24588,38781,a.k.a.,strong,,ANSAR UL HEZBOLLAH
24588,38782,a.k.a.,strong,,SUPPORTERS OF THE PARTY OF GOD
24589,38784,a.k.a.,strong,Abdul-Hamid,MOHTASHAM
24589,38785,a.k.a.,strong,Abdol-Hamid,MOHTASHAM
26037,40981,a.k.a.,strong,Mohammad Jawad,NASRALLAH
26037,40982,a.k.a.,strong,Juad,NASRALLAH
26057,41001,a.k.a.,weak,,"SHIBL, Hajji"
26057,41002,a.k.a.,strong,Shebl,AL ZAIDI
26057,41003,a.k.a.,strong,Shibl,AL ZAIDI
26057,41004,a.k.a.,strong,Shibl Muhsin Ubayd,AL-ZADI
26057,41005,a.k.a.,strong,Hajji Shibl Muhsin,AL-ZAYDI
26057,41006,a.k.a.,strong,Ja'far Salih,MAHDI
26058,41008,a.k.a.,strong,Yusef,HASHIM
26058,41009,a.k.a.,weak,,"SADIQ, Sayyid"
26058,41010,a.k.a.,weak,,"SADIQ, Hajji"
26059,41012,a.k.a.,strong,Adnan Mahmud,KAWTHARANI
26059,41013,a.k.a.,strong,Adnan,KAWTHRANI
26059,41014,a.k.a.,strong,Adnan,AL-KAWTHARANI
26059,41015,a.k.a.,strong,Adnan,KUTHERANI
26060,41017,a.k.a.,strong,Mohamad,FARHAT
26120,41143,a.k.a.,strong,Amer,ALCHWIKI
26120,41149,a.k.a.,strong,Mohammad Amer,CHWIKI
26120,41150,a.k.a.,strong,Amer Mhd,ALCHWIKI
26120,41151,a.k.a.,strong,Mohammad Amer,SHWEIKI
26120,41153,a.k.a.,strong,Mohamad Amer,ALCHWIKI
26120,41154,a.k.a.,strong,Mohamad Amer,SHUWAYKI
26120,41155,a.k.a.,strong,Muhammad 'Amir Muhammad Akram,AL-SHUWAYKI
26120,41156,a.k.a.,strong,Mohamad Amer,AL-SHWEIKI
26120,41157,a.k.a.,strong,Muhammad Omar,AL-SHWEIKI
26120,41158,a.k.a.,strong,Mohamad Amer Mohamad Akram,AL CHWIKI
26120,41165,a.k.a.,strong,Mhd Amer,ALSHWIKI
26122,41160,a.k.a.,strong,Mohamad,BAZZAL
26122,41161,a.k.a.,weak,,MU'IN
26446,41698,a.k.a.,strong,,HARAKAT HEZBOLLAH AL-NUJABA
26446,41699,a.k.a.,strong,,MOVEMENT OF THE NOBLE ONES HEZBOLLAH
26446,41700,a.k.a.,strong,,GOLAN LIBERATION BRIGADE
26446,41701,a.k.a.,strong,,AMMAR IBN YASIR BRIGADE
26446,41703,a.k.a.,strong,,IMAM AL-HASAN AL-MUJTABA BRIGADE
26446,41704,a.k.a.,strong,,AL-HAMAD BRIGADE
26446,41705,a.k.a.,strong,,AL-NUJABA TV
26446,41706,a.k.a.,strong,,THE MOVEMENT OF THE NOBLE ONES
26955,42637,a.k.a.,strong,Amin Muhammad,SHARY
26955,42638,a.k.a.,strong,Ameen,SHIRRI
26955,42639,a.k.a.,strong,'Amin Abi,SHARI
26955,42640,a.k.a.,strong,Amin,CHERRI
26955,42641,a.k.a.,strong,Amin,SHRI
26955,42691,a.k.a.,strong,Amin,SHIRRI
26956,42643,a.k.a.,strong,Muhammad,RA'D
26956,42644,a.k.a.,strong,Mohammad,RAAD
26956,42645,a.k.a.,strong,Mohamad,RAED
26956,42646,a.k.a.,strong,Mohamed,RAED
26956,42647,a.k.a.,strong,Muhammad,RA'AD
26956,42692,a.k.a.,strong,Mohammed,RAAD
26957,42650,a.k.a.,strong,Wafic,SAFA
26957,42651,a.k.a.,strong,Wafiq Ahmad,SAFA
26957,42652,a.k.a.,strong,Wafiq 'Abd-al-Husayn,SAFA
26957,42653,a.k.a.,weak,,"AL-ZAIN, Ali Wahib"
26957,42654,a.k.a.,weak,,"AL-DIN, Hessam Badr"
27039,42830,a.k.a.,strong,Salman,AL-REDA
27039,42831,a.k.a.,strong,Samuel Salman,EL-REDA
27039,42832,a.k.a.,strong,Samwil Salman,AL-RIDA
27039,42833,a.k.a.,strong,Salman Raof,SALMAN
27039,42834,a.k.a.,strong,Salman Rauf,SALMAN
27039,42835,a.k.a.,strong,Salman,REMAL
27039,42836,a.k.a.,weak,,"MARQUEZ, Andree"
27189,43049,a.k.a.,strong,,JAMMAL TRUST BANK
27189,43050,a.k.a.,weak,,JTB
27273,43204,a.k.a.,strong,'Ali,QASIR
27273,43205,a.k.a.,strong,Ali,KASSIR
27273,43206,a.k.a.,strong,Ali,GHASSIR
27273,43207,a.k.a.,strong,Ali,GHASIR
27273,52269,a.k.a.,strong,Naser,GHASEMI
28163,44376,a.k.a.,strong,Nazem Said,AHMED
28163,44377,a.k.a.,strong,Nazim Sa'id,AHMAD
28163,44378,a.k.a.,strong,Nazim,AHMAD
28163,44379,a.k.a.,strong,Nizam Saed,AHMAD
28163,44380,a.k.a.,strong,Nazem Ali,AHMAD
28163,44381,a.k.a.,strong,Nazem Saeed,AHMAD
28163,44382,a.k.a.,strong,Nazem Saied,AHMED
28690,45225,a.k.a.,weak,,ABU-'AMMAR
28690,45226,a.k.a.,strong,Adnan Younus Jasim,AL HAMEEDAWI
29722,46586,a.k.a.,strong,Abdul Aziz,AL-MOHAMMEDAWI
29722,46587,a.k.a.,strong,Abdulazeez Mlawwah Mjeresh,MJERESH
29722,46588,a.k.a.,weak,,"AL-MOHAMMEDAWI, Abu Fadak"
29722,46589,a.k.a.,weak,,Abu Fadak
29722,46590,a.k.a.,weak,,Al Khal
29783,46645,a.k.a.,weak,,ARCH COMPANY
29783,46646,a.k.a.,strong,,ARCH CONSULTING COMPANY
29783,46647,a.k.a.,weak,,ARCH CONSTRUCTION
29783,46649,a.k.a.,strong,,ARCH CONSULTING AND ENGINEERING
29784,46651,a.k.a.,strong,,MEAMAR COMPANY FOR ENGINEERING AND DEVELOPMENT
29784,46652,a.k.a.,strong,,MEAMMAR CONSTRUCTION
29784,46654,a.k.a.,strong,,MI'MAR ENGINEERING COMPANY
29801,46685,a.k.a.,strong,Sultan,ASAAD
29801,46686,a.k.a.,strong,Hajj Sultan,ASAAD
29801,46790,a.k.a.,strong,Sultan Khalife,ASSAD
30218,47360,a.k.a.,strong,Nabil,KAWOUK
30218,47361,a.k.a.,strong,Sheikh Nabil,QAWOUK
30218,47362,a.k.a.,strong,Sheikh Nabil,QAWOOK
30218,47363,a.k.a.,strong,Nabil Yahy,QAWUQ
30219,47365,a.k.a.,strong,Sheikh Hassan,AL-BAGHDADI
30219,47366,a.k.a.,weak,,"AL-BAGHDADI, Sheikh"
30219,47367,a.k.a.,strong,Sheikh Hassan,BAGHDADI
31753,49760,a.k.a.,strong,Ibrahim,DAHIR
33231,52250,a.k.a.,strong,Ali Ridha,AL-BANAY
33231,52251,a.k.a.,strong,'Ali Ridha Hassan,AL-BANAI
33231,52252,a.k.a.,strong,'Ali Ridha Hassan,ALBANAI
33231,52254,a.k.a.,strong,'Ali Ridha Hassan,AL-BANNAY
33231,52255,a.k.a.,strong,'Ali Ridha' Hasan,AL-BANAI
33231,52329,a.k.a.,strong,Ali Reda H,AL-BANI
33231,52330,a.k.a.,strong,Ali Reda H,AL-BANAI
33232,52257,a.k.a.,strong,'Ali Ridha Qassabi,LARI
33232,52258,a.k.a.,strong,Alireda Bashi M R,QASSABI
33233,52260,a.k.a.,strong,Abd-al-Mu'ayyid Ridha Hassan,AL-BANAI
33233,52261,a.k.a.,strong,'Abd al-Muwid Rada Hasn,AL-BANAI
33233,52264,a.k.a.,strong,A Moayied Rida H,AL BANAI
33291,52333,a.k.a.,weak,,"ZAYN, Hajj"
33291,52334,a.k.a.,weak,,"ZEIN, Hajj"
33291,52335,a.k.a.,strong,Hasib,HADWAN
33291,52369,a.k.a.,weak,,"ZAYN, Hajj Mustafa"
33292,52337,a.k.a.,strong,Ali,AL-SHAER
33332,52554,a.k.a.,strong,Taleb H. A. J.,ESMAEL
33333,52375,a.k.a.,weak,,"ALSHUTTI, Jamal H A A A"
33333,52376,a.k.a.,strong,Jamal Hussein Abd Ali,ALSHATTI
33498,52685,a.k.a.,strong,Jamil Muhammad Amin Amin,AL-SAYED
33498,52686,a.k.a.,strong,Jamil,EL SAYED
33498,52687,a.k.a.,strong,Jamil Mohamad Amin,EL SAYED
33500,52690,a.k.a.,strong,Jihad,EL ARAB
33500,52691,a.k.a.,strong,Jihad Ahmad,EL ARAB
34436,53887,a.k.a.,strong,Adil 'Ali,DIYAB
34436,53888,a.k.a.,strong,'Adil 'Ali,DHIYAB
34436,53889,a.k.a.,strong,Hajj 'Adil,DIYAB
34437,53891,a.k.a.,strong,Ali Muhammad,DA'UN
34437,53892,a.k.a.,strong,'Ali Muhammad,DA'UN
34438,53894,a.k.a.,strong,Jihad Salem,ALAME
34476,53990,a.k.a.,strong,Ali Ayad,ADNAN
34476,53991,a.k.a.,strong,Adnan 'Ali,'IYAD
34477,53993,a.k.a.,strong,Jaden,AYAD
34477,54026,a.k.a.,strong,Jehad,AYAD
34954,54867,a.k.a.,strong,Ali Moussa,SAADE
34954,55195,a.k.a.,strong,Ali,SAADI
34955,54869,a.k.a.,strong,Ibrahim Amin Fadlallah,TAHER
34955,54870,a.k.a.,strong,Ibrahim Fadlallah,TAHER
34955,54871,a.k.a.,strong,Fadlallah Brahim,TAHER
36083,56912,a.k.a.,strong,,CONCEPTOSCREEN
37416,58570,a.k.a.,strong,Ahmed Jalal Rida,ABDALLAH
37419,58579,a.k.a.,strong,Joseph Elia,HAIDAMOUS
37419,58580,a.k.a.,strong,Joseph Elia,HAYDAMOUS
37675,59040,a.k.a.,strong,,Z-R GROUP SAL HOLDING
37679,59046,a.k.a.,strong,Raymond Samir,ZINA
37679,60410,a.k.a.,strong,Raymond,RAHMEH
37680,59050,a.k.a.,strong,Teddy Samir,ZINA
37680,60411,a.k.a.,strong,Teddy Samir Zina,RAHMEH
39659,61794,a.k.a.,strong,Roozbeh,ZAHEDI
39663,61798,a.k.a.,strong,Muhammad,AL-ZAYN
39663,61799,a.k.a.,strong,Muhammad 'Ali,AL-ZAYN
40134,62351,a.k.a.,strong,Hassan Kazem,EL KHALIL
40536,62987,a.k.a.,strong,Hassan,MOKALED
40536,62988,a.k.a.,strong,Hasan Ahmed,MAKLED
40536,62989,a.k.a.,strong,Hasan,MUQALLAD
40536,62990,a.k.a.,strong,Hassan,MUQALAD
41696,64907,a.k.a.,strong,Hassan Muhammed,DAQOU
41696,64908,a.k.a.,weak,,"DAGO, Hassan Mohamed"
41696,64909,a.k.a.,strong,Mohamed Hassan,DAQOU
41696,64910,a.k.a.,strong,Hassan bin Muhammad,DAQOU
41696,64911,a.k.a.,weak,,"DUKKO, Hassan"
41696,64912,a.k.a.,weak,,"DAQU, Hassan"
41696,64915,a.k.a.,strong,Hassan Mohammed,DEQQO
41696,64916,a.k.a.,strong,Hassan,DAQOU
41700,64926,a.k.a.,strong,Nuah,ZUAITER
44499,69537,a.k.a.,strong,Amer Muhammad,AQEEL
44522,68821,a.k.a.,strong,Samer Mohamed Akil,RADA
44522,69538,a.k.a.,strong,Samer Mohamed Akil,REDA
44581,68888,a.k.a.,strong,Raja,SALAME
44582,68878,a.k.a.,strong,Marianne Hamid,HOUWAYEK
44582,68879,a.k.a.,strong,Marianne Alexandros,ANDRIANOPOULOS
44582,68951,a.k.a.,strong,Marianne Hamid Gebrayel,HOYEK
44583,68889,a.k.a.,strong,Nadi Riad,SALAME
44584,68884,a.k.a.,strong,Riad Toufic,SALAME
44584,68885,a.k.a.,strong,Riad bin Tawfiq,SALAMAH
44584,68886,a.k.a.,strong,Riyad,SALIMI
44584,68887,a.k.a.,strong,Riyad Tawfeek,SALAMEH
44618,68954,a.k.a.,strong,Zouher,NAHLI
44618,68955,a.k.a.,strong,Zuhayr Subi,NAHLAH
44619,68957,a.k.a.,strong,,"NATIONAL ASSOCIATION FOR THE PROTECTION AND DEVELOPMENT OF FOREST, ENVIRONMENTAL, AND ANIMAL WEALTH"
46074,71183,a.k.a.,strong,Mojtaba Jahandust,MARGHUB
46075,71185,a.k.a.,strong,Habeeb Hasan Mghames,DARRAJI
46075,71186,a.k.a.,weak,,"AL-DARRAJI, Abu-Rida"
46076,71188,a.k.a.,strong,Imad Naji Mohammed,MOHAMMED
46077,71190,a.k.a.,strong,Jafar,AL-HUSSAINI
46268,71456,a.k.a.,strong,Abu-Humayyid,AL-SUKAYNI
46312,71505,a.k.a.,strong,Basim Hasan,AL-MAJIDI
47177,72877,a.k.a.,strong,Aogad Mohsin Faraj,AL-HAMADAWI
47178,72879,a.k.a.,strong,Husayn Mu'nis,AL-'IBUDI
47178,72880,a.k.a.,strong,Hossein,MOANES
47330,73122,a.k.a.,strong,,YARA OFFSHORE SAL
48302,75025,a.k.a.,strong,Tawfik,ALLOU
48302,75026,a.k.a.,strong,Tawfiq,AL-LAW
50298,78592,a.k.a.,strong,Ali,ZUGHAIB
50298,78593,a.k.a.,strong,Ali Nayef,ZOGHEIB
50298,79222,a.k.a.,strong,Ali Naif,ZGHEIB
50480,78956,a.k.a.,strong,Muhammad Habib Ibrahim,AL-SAYYID
50480,78957,a.k.a.,strong,Muhammad Habib,AL-SAYYID
50481,78908,a.k.a.,strong,Botros Georges,OBEID
50481,78909,a.k.a.,strong,Boutros George,OBAID
50481,78910,a.k.a.,strong,Boutros,OBEID
50481,78911,a.k.a.,strong,Boutros Georges,ABIR
50481,78958,a.k.a.,strong,Pierre Boutros George,OBEID
50482,78913,a.k.a.,strong,,HEAVY OIL DISTRIBUTION COMPANY SAL
50482,78914,a.k.a.,strong,,HEAVY OIL DISTRIBUTION CO SAL
50482,78915,a.k.a.,strong,,HODICO
50482,78917,a.k.a.,strong,,HEAVY OIL DISTRIBUTION CO. HODICO SARL
50482,78918,a.k.a.,strong,,HEAVY OIL DISTRIBUTION COMPANY-HODECO
50482,78965,a.k.a.,strong,,HODICO SAL
50516,78966,a.k.a.,strong,,HEAVY INDUSTRIAL FUELS
50516,78967,a.k.a.,weak,,HIF SAL
50516,78968,a.k.a.,strong,,HEAVY INDUSTRIAL FUELS S.A.L. (HIF)
50516,78969,a.k.a.,weak,,HIF S.A.L.
50519,78971,a.k.a.,strong,,EUROPEAN LEBANESE INTERNATIONAL COMPANY FOR TRADE LLC
50519,78972,a.k.a.,strong,,EUROPEAN LEBANESE INTERNATIONAL TRADE CO.
50519,78973,a.k.a.,strong,,EUROPEAN LEBANESE INTERNATIONAL TRADE S.A.R.L. CO.
50519,78974,a.k.a.,strong,,ELIT LIMASSOL-CYPRUS
50519,78975,a.k.a.,strong,,ELIT LIMASSOL (LIMA) CO.
50519,78976,a.k.a.,strong,,ELIT LIMA
50523,78986,a.k.a.,strong,,YOOSHI DOODA
50523,78988,a.k.a.,strong,,CAPTOON 2
50523,78989,a.k.a.,strong,,GITTA GAS
50523,78990,a.k.a.,strong,,JUNO GAS
50526,78993,a.k.a.,strong,,GEMGAZ
51043,80052,a.k.a.,strong,Silvana Rida,'UTWI
51050,80048,a.k.a.,strong,Haidar Houssem Elddine Abdul,GHAFFAR
51050,80049,a.k.a.,strong,Haydar Husam-al-Din,'ABD-AL-GHAFFAR
51050,80355,a.k.a.,strong,Haidar H.,ABDELGHAFFAR
53195,83140,a.k.a.,strong,Fatima Abdallah,AYOUB
53195,83141,a.k.a.,strong,Fatima Abdalla,AYYOUB
53196,83131,a.k.a.,strong,Mohasen Mahmoud,MORTADA
53197,83133,a.k.a.,strong,Hawraa,AYOUB
53197,83134,a.k.a.,strong,Hawraa Ayoub,KHAFAJA
53198,83844,a.k.a.,strong,Jamil Muhammad,KHAFAJA
53198,83845,a.k.a.,strong,Jamil Mohammed,KHAFAJAH
53198,83848,a.k.a.,strong,Jamil,KHAFAJA
53404,83839,a.k.a.,strong,,RAVEE CO
54131,84292,a.k.a.,strong,Jihad Husayn,ALLAMI
54133,84295,a.k.a.,strong,Mo'ein,DAQIQ
54133,84296,a.k.a.,strong,Mouin Hassan,DAKIK
54133,84297,a.k.a.,strong,Mu'in Hassan,DAQIQ
54135,84300,a.k.a.,strong,Hasan,NI'MAH
55929,86858,a.k.a.,strong,,AL-MUHANDIS COMPANY
55929,86859,a.k.a.,strong,,MUHANDIS GENERAL COMPANY
55929,86861,a.k.a.,strong,,"AL MUHANDIS GENERAL ENGINEER COMPANY FOR CONSTRUCTIONS, MECHANICAL, AGRICULTURAL, AND INDUSTRIAL CONTRACTING"
56282,87292,a.k.a.,strong,Ja'afar Mohamed,QASIR
56282,87293,a.k.a.,strong,Mohamad Jaafar,KASSIR
56282,87302,a.k.a.,strong,Muhammad Jafar Muhammad,QASIR
56284,87296,a.k.a.,strong,Oussama,JABER
56284,87297,a.k.a.,strong,Usama,JABR
56284,87308,a.k.a.,strong,Osama,JABER
56286,87300,a.k.a.,strong,Samir,KASBAR
